{
  "accuracy": 0.680791525084949,
  "precision": 0.6609612778813934,
  "recall": 0.6608692206760701,
  "f1_score": 0.6604160605642441,
  "confusion_matrix": [
    [
      4083,
      1035,
      44,
      2
    ],
    [
      967,
      3124,
      996,
      167
    ],
    [
      52,
      1174,
      1636,
      1014
    ],
    [
      0,
      142,
      795,
      4781
    ]
  ],
  "labels": [
    "Low",
    "Moderate",
    "High",
    "Severe"
  ],
  "best_params": {
    "learning_rate": "constant",
    "hidden_layer_sizes": [
      32
    ],
    "alpha": 0.01,
    "activation": "relu"
  }
}