{
  "accuracy": 0.6781431141315211,
  "precision": 0.6541991899811088,
  "recall": 0.6543123746586146,
  "f1_score": 0.6519769650452027,
  "confusion_matrix": [
    [
      4097,
      1029,
      36,
      2
    ],
    [
      991,
      3209,
      845,
      209
    ],
    [
      52,
      1275,
      1413,
      1136
    ],
    [
      0,
      166,
      700,
      4852
    ]
  ]
}